wdt_ID,Heat,Image,Pepper,Min SHU,Max SHU,Median SHU,JalRP,JalRP Times Hotter/Milder,Type,Origin,Use,Flavor,Link
1,Mild,https://www.pepperscale.com/wp-content/uploads/2015/04/Tasty-Colorbell-Pepper-4-Plants-GreenYellowPurpleRed-0.jpg,Bell Pepper,0,0,0,0.00,"-8,000 to -2,500",Annuum,Mexico,Culinary,"Bright, Sweet",https://www.pepperscale.com/bell-pepper
2,Mild,https://www.pepperscale.com/wp-content/uploads/2016/04/Gypsy-Pepper.jpeg,Gypsy Pepper,0,0,0,0.00,"-8,000 to -2,500",Annuum,USA,Culinary,"Sweet, Floral",https://www.pepperscale.com/gypsy-pepper
3,Mild,https://www.pepperscale.com/wp-content/uploads/2016/04/Purple-Beauty-Pepper_1.jpg,Purple Beauty Pepper,0,0,0,0.00,"-8,000 to -2,500",Annuum,South America,Culinary,Sweet,https://www.pepperscale.com/purple-beauty-pepper
4,Mild,https://www.pepperscale.com/wp-content/uploads/2015/10/melrose-pepper.jpg,Melrose Pepper,0,0,0,0.00,"-8,000 to -2,500",Annuum,USA,Culinary,Sweet,https://www.pepperscale.com/melrose-pepper
5,Mild,https://www.pepperscale.com/wp-content/uploads/2017/08/carmen-pepper.jpg,Carmen Pepper,0,0,0,0.00,"-8,000 to -2,500",Annuum,Italy,Culinary,Sweet,https://www.pepperscale.com/carmen-pepper
6,Mild,https://www.pepperscale.com/wp-content/uploads/2017/08/California-Wonder-Pepper.jpg,California Wonder Pepper,0,0,0,0.00,"-8,000 to -2,500",Annuum,USA,Culinary,"Bitter, Sweet",https://www.pepperscale.com/california-wonder-pepper
7,Mild,https://www.pepperscale.com/wp-content/uploads/2017/02/peperone-di-senise-e1486858956795.jpg,Peperone di Senise,0,0,0,0.00,"-8,000 to -2,500",Annuum,Italy,Culinary,"Sweet, Nutty, Smoky",https://www.pepperscale.com/peperone-di-senise
8,Mild,https://www.pepperscale.com/wp-content/uploads/2017/04/Tangerine-Dream-Pepper.jpg,Tangerine Dream Pepper,0,100,50,0.01,"-8,000 to -250",Annuum,USA,Ornamental,Sweet,https://www.pepperscale.com/tangerine-dream-pepper
9,Mild,https://www.pepperscale.com/wp-content/uploads/2017/03/chilly-chili.jpg,Chilly Chili,1,100,51,0.01,"-8,000 to -2",Annuum,USA,Ornamental,Neutral,https://www.pepperscale.com/chilly-chili
10,Mild,https://www.pepperscale.com/wp-content/uploads/2015/08/Shishito-pepper-substitute.jpg,Shishito Pepper,50,200,125,0.02,-160 to -13,Annuum,Japan,Culinary,"Sweet, Grassy, Citrusy, Smoky",https://www.pepperscale.com/shishito-pepper
11,Mild,https://www.pepperscale.com/wp-content/uploads/2017/01/Trinidad-Perfume.jpg,Trinidad Perfume,0,500,250,0.05,"-8,000 to -5",Chinense,Caribbean,Culinary,"Sweet, Fruity, Citrusy, Tropical",https://www.pepperscale.com/trinidad-perfume
12,Mild,https://www.pepperscale.com/wp-content/uploads/2019/03/banana-pepper-uses.jpg,Banana Pepper,0,500,250,0.05,"-8,000 to -5",Annuum,South America,Culinary,"Sweet, Tangy",https://www.pepperscale.com/banana-pepper
13,Mild,https://www.pepperscale.com/wp-content/uploads/2016/10/Pepperoncini-Planting.jpeg,Pepperoncini,100,500,300,0.06,-80 to -5,Annuum,Italy,Culinary,"Sweet, Tangy",https://www.pepperscale.com/pepperoncini
14,Mild,https://www.pepperscale.com/wp-content/uploads/2013/07/pimento-pepper.jpg,Pimento Pepper,100,500,300,0.06,-80 to -5,Annuum,Unknown,Culinary,Sweet,https://www.pepperscale.com/pimento-pepper
136,Mild,https://www.pepperscale.com/wp-content/uploads/2019/06/mariachi-pepper.jpg,Mariachi Pepper,500,600,550,0.10,-13 to -5,Annuum,USA,Culinary,Sweet,https://www.pepperscale.com/mariachi-pepper/
15,Mild,https://www.pepperscale.com/wp-content/uploads/2017/05/santa-fe-grande-pepper.jpg,Santa Fe Grande Pepper,500,700,600,0.11,-16 to -3,Annuum,USA,Culinary,"Sweet, Smoky",https://www.pepperscale.com/santa-fe-grande-pepper
16,Mild,https://www.pepperscale.com/wp-content/uploads/2016/06/holy-mole-pepper-lg.jpg,Holy Mole Pepper,700,800,750,0.14,-10 to -3,Annuum,USA,Culinary,"Nutty, Tangy",https://www.pepperscale.com/holy-mole-pepper
17,Mild,https://www.pepperscale.com/wp-content/uploads/2017/01/Aji-Dulce-2.jpg,Aji Dulce,0,1000,500,0.10,"-8,000 to -3",Chinense,Caribbean,Culinary,"Sweet, Smoky, Peppery",https://www.pepperscale.com/aji-dulce
18,Mild,https://www.pepperscale.com/wp-content/uploads/2015/11/Medusa-Pepper.jpg,Medusa Pepper,1,1000,501,0.10,-8000 to -3,Annuum,Mexico,Ornamental,Sweet,https://www.pepperscale.com/medusa-pepper
19,Mild,https://www.pepperscale.com/wp-content/uploads/2017/08/Mexibell-Pepper.jpg,Mexibell pepper,100,1000,550,0.10,-80 to -3,Annuum,USA,Culinary,Sweet,https://www.pepperscale.com/mexibell-pepper
20,Mild,https://www.pepperscale.com/wp-content/uploads/2015/11/Italian-Long-Hot-Peppers-e1456720367116.jpg,Italian Long Hot Pepper,100,1000,550,0.10,-80 to -3,Annuum,Italy,Culinary,Sweet,https://www.pepperscale.com/italian-long-hot-peppers
21,Mild,https://www.pepperscale.com/wp-content/uploads/2014/11/Cubanelle-Pepper_lg.jpg,Cubanelle Pepper,100,1000,550,0.10,-80 to -3,Annuum,Italy,Culinary,Sweet,https://www.pepperscale.com/cubanelle-pepper
22,Mild,https://www.pepperscale.com/wp-content/uploads/2016/04/Piquillo-Pepper-Substitute.jpeg,Piquillo Pepper,500,1000,750,0.14,-16 to -3,Annuum,Spain,Culinary,"Sweet, Smoky, Tart",https://www.pepperscale.com/piquillo-peppers
23,Mild,https://www.pepperscale.com/wp-content/uploads/2015/10/Beaver-Dam-Pepper_3.jpg,Beaver Dam Pepper,500,1000,750,0.14,-16 to -3,Annuum,USA,Culinary,Sweet,https://www.pepperscale.com/beaver-dam-pepper
24,Mild,https://www.pepperscale.com/wp-content/uploads/2015/07/Peppadew-Pepper.jpeg,Peppadew Pepper,1100,1200,1150,0.22,-7 to -2,Baccatum,Africa,Culinary,Sweet,https://www.pepperscale.com/peppadew-pepper
25,Mild,https://www.pepperscale.com/wp-content/uploads/2015/07/aji-panca.jpg,Aji Panca,1000,1500,1250,0.24,-8 to -2,Baccatum,Peru,Culinary,"Sweet, Fruity, Smoky",https://www.pepperscale.com/aji-panca
26,Mild,https://www.pepperscale.com/wp-content/uploads/2019/03/Ancho-Pepper.jpg,Ancho Pepper,1000,1500,1250,0.24,-8 to -2,Annuum,Mexico,Culinary,"Sweet, Smoky, Earthy",https://www.pepperscale.com/ancho-pepper
27,Mild,https://www.pepperscale.com/wp-content/uploads/2017/04/Poblano-Pepper-Nutrition.jpeg,Poblano Pepper,1000,1500,1250,0.24,-8 to -2,Annuum,Mexico,Culinary,Earthy ,https://www.pepperscale.com/poblano-peppers
28,Mild,https://www.pepperscale.com/wp-content/uploads/2017/04/Kashmiri-Chili.jpg,Kashmiri Chili,1000,2000,1500,0.29,-8 to 0,Annuum,India,Culinary,"Sweet, Fruity",https://www.pepperscale.com/kashmiri-chili
29,Mild,https://www.pepperscale.com/wp-content/uploads/2016/05/Guindilla-Pepper.jpg,Guindilla Pepper,1000,2000,1500,0.29,-8 to 0,Annuum,Spain,Culinary,Sweet,https://www.pepperscale.com/guindilla-pepper
30,Mild,https://www.pepperscale.com/wp-content/uploads/2015/01/Padron-Pepper.jpeg,Padron Pepper,500,2500,1500,0.29,-16 to 0,Annuum,Spain,Culinary,"Earthy, Nutty, Sweet",https://www.pepperscale.com/padron-pepper
31,Mild,https://www.pepperscale.com/wp-content/uploads/2013/07/Anaheim-Pepper_lg.jpg,Anaheim Pepper,500,2500,1500,0.29,-16 to 0,Annuum,Mexico,Culinary,"Fruity, Sweet",https://www.pepperscale.com/anaheim-pepper
32,Mild,https://www.pepperscale.com/wp-content/uploads/2016/01/Chilaca-Pepper.jpg,Chilaca Pepper,1000,2500,1750,0.33,-8 to 0,Annuum,Mexico,Culinary,"Sweet, Floral",https://www.pepperscale.com/chilaca-pepper
33,Mild,https://www.pepperscale.com/wp-content/uploads/2014/11/pasilla-pepper.jpeg,Pasilla Pepper,1000,2500,1750,0.33,-8 to 0,Annuum,Mexico,Culinary,"Sweet, Fruity, Earthy",https://www.pepperscale.com/pasilla-pepper
34,Mild,https://www.pepperscale.com/wp-content/uploads/2013/07/Rocotillo_chile_peppers_lg.jpeg,Rocotillo Pepper,1500,2500,2000,0.38,-5 to 0,Baccatum,Peru,Culinary,"Sweet, Tropical",https://www.pepperscale.com/rocotillo-pepper
35,Mild,https://www.pepperscale.com/wp-content/uploads/2014/12/cascabel-pepper.jpg,Cascabel Pepper,1000,3000,2000,0.38,-8 to 0,Annuum,Mexico,Culinary,"Earthy, Nutty ",https://www.pepperscale.com/cascabel-pepper
36,Medium,https://www.pepperscale.com/wp-content/uploads/2014/11/Mulato-Pepper.jpg,Mulato Pepper,2500,3000,2750,0.52,-3 to 0,Annuum,Mexico,Culinary,"Smoky, Sweet, Earthy",https://www.pepperscale.com/mulato-pepper
37,Medium,https://www.pepperscale.com/wp-content/uploads/2017/10/numex-big-jim.jpg,NuMex Big Jim,2500,3000,2750,0.52,-3 to 0,Annuum,USA,Culinary,"Bright, Sweet",https://www.pepperscale.com/numex-big-jim
38,Medium,https://www.pepperscale.com/wp-content/uploads/2017/07/cajun-belle-pepper.jpg,Cajun Belle Pepper,500,4000,2250,0.43,-16 to 0,Annuum,USA,Culinary,Sweet,https://www.pepperscale.com/cajun-belle-pepper
39,Medium,https://www.pepperscale.com/wp-content/uploads/2015/10/Espelette-Pepper-e1456801718623.jpeg,Espelette Pepper,500,4000,2250,0.43,-16 to 0,Annuum,France,Culinary,"Sweet, Fruity, Smoky",https://www.pepperscale.com/espelette-pepper
40,Medium,https://www.pepperscale.com/wp-content/uploads/2016/09/NuMex-Centennial.jpg,NuMex Centennial,1000,5000,3000,0.57,-5 to 0,Annuum,USA,Ornamental,"Bitter, Bright",https://www.pepperscale.com/numex-centennial
41,Medium,https://www.pepperscale.com/wp-content/uploads/2017/11/sangria-pepper.jpg,Sangria Pepper,1000,5000,3000,0.57,-5 to 0,Annuum,Unknown,Ornamental,Neutral,https://www.pepperscale.com/sangria-pepper
42,Medium,https://www.pepperscale.com/wp-content/uploads/2016/01/cherry-bomb-pepper_1.jpg,Cherry Bomb Pepper,2500,5000,3750,0.71,0,Annuum,USA,Culinary,Sweet,https://www.pepperscale.com/cherry-bomb-pepper
43,Medium,https://www.pepperscale.com/wp-content/uploads/2015/03/cowhorn-pepper-1.jpg,Cowhorn Pepper,2500,5000,3750,0.71,0,Annuum,South America,Culinary,Sweet,https://www.pepperscale.com/cowhorn-pepper
44,Medium,https://www.pepperscale.com/wp-content/uploads/2019/03/Guajillo-Pepper.jpg,Guajillo Pepper,2500,5000,3750,0.71,0,Annuum,Mexico,Culinary,"Tangy, Crisp, Smoky",https://www.pepperscale.com/guajillo-pepper
45,Medium,https://www.pepperscale.com/wp-content/uploads/2017/10/jalafuego-pepper-e1507590141227.jpg,Jalafuego Pepper,4000,6000,5000,0.95,0,Annuum,Mexico,Culinary,"Bright, Grassy",https://www.pepperscale.com/jalafuego-pepper
46,Medium,https://www.pepperscale.com/wp-content/uploads/2014/12/chimayo-pepper-1.jpg,Chimayo Pepper,4000,6000,5000,0.95,0,Annuum,USA,Culinary,"Smoky, Earthy",https://www.pepperscale.com/chimayo-pepper
47,Medium,https://www.pepperscale.com/wp-content/uploads/2016/03/Sandia-Pepper.jpg,Sandia Pepper,5000,7000,6000,1.14,0,Annuum,USA,Culinary,Sweet,https://www.pepperscale.com/sandia-pepper
48,Medium,https://www.pepperscale.com/wp-content/uploads/2014/10/hatch-pepper.jpeg,Hatch Pepper,1000,8000,4500,0.86,-3 to 0,Annuum,USA,Culinary,"Buttery, Earthy",https://www.pepperscale.com/hatch-peppers
49,Medium,https://www.pepperscale.com/wp-content/uploads/2019/05/jalapeño-varieties.jpg,Jalapeño Pepper,2500,8000,5250,1.00,0,Annuum,Mexico,Culinary,"Bright, Grassy",https://www.pepperscale.com/jalapeno-peppers
50,Medium,https://www.pepperscale.com/wp-content/uploads/2015/08/jalapeno-purple_lg.jpeg,Purple Jalapeño Pepper,2500,8000,5250,1.00,0,Annuum,Mexico,Culinary,"Bright, Sweet",https://www.pepperscale.com/purple-jalapeno-pepper
51,Medium,https://www.pepperscale.com/wp-content/uploads/2019/10/chipotle-pepper-nutrition.jpg,Chipotle Pepper,2500,8000,5250,1.00,0,Annuum,Mexico,Culinary,"Smoky, Earthy",https://www.pepperscale.com/chipotle-pepper
52,Medium,https://www.pepperscale.com/wp-content/uploads/2016/03/Puya-Pepper.jpg,Puya Pepper,5000,8000,6500,1.24,0,Annuum,Mexico,Culinary,"Sweet, Fruity, Bitter",https://www.pepperscale.com/puya-pepper
140,Medium,https://www.pepperscale.com/wp-content/uploads/2018/02/pretty-in-purple-pepper.jpg,Pretty in Purple pepper,4000,8000,6000,1.14,0,Annuum,USA,Ornamental,Neutral,https://www.pepperscale.com/pretty-in-purple-pepper/
53,Medium,https://www.pepperscale.com/wp-content/uploads/2014/11/fresno-pepper.jpg,Fresno Pepper,2500,10000,6250,1.19,0,Annuum,USA,Culinary,"Sweet, Fruity, Smoky",https://www.pepperscale.com/fresno-pepper
54,Medium,https://www.pepperscale.com/wp-content/uploads/2013/07/Hungarian-Wax-Pepper.jpeg,Hungarian Wax Pepper,5000,10000,7500,1.43,0 to 4,Annuum,Hungary,Culinary,"Sweet, Tangy",https://www.pepperscale.com/hungarian-wax-pepper
55,Medium,https://www.pepperscale.com/wp-content/uploads/2016/03/black-hungarian-pepper-1.jpg,Black Hungarian Pepper,5000,10000,7500,1.43,0 to 4,Annuum,Hungary,Culinary,Sweet,https://www.pepperscale.com/black-hungarian-pepper
56,Medium,https://www.pepperscale.com/wp-content/uploads/2015/02/aleppo-pepper_lg.jpg,Aleppo Pepper,10000,10000,10000,1.90,0 to 4,Annuum,Syria,Culinary,"Bright, Tart, Earthy, Salty",https://www.pepperscale.com/aleppo-pepper
57,Medium,https://www.pepperscale.com/wp-content/uploads/2014/11/peter-pepper_lg.jpg,Peter Pepper,10000,23000,16500,3.14,0 to 9,Annuum,USA,Culinary,"Bright, Sweet",https://www.pepperscale.com/peter-pepper
58,Medium,https://www.pepperscale.com/wp-content/uploads/2013/07/serrano-pepper.jpg,Serrano Pepper,10000,23000,16500,3.14,0 to 9,Annuum,Mexico,Culinary,"Bright, Grassy",https://www.pepperscale.com/serrano-peppers
59,Medium,https://www.pepperscale.com/wp-content/uploads/2016/04/Sport-Peppers.jpg,Sport Pepper,10000,23000,16500,3.14,0 to 9,Annuum,USA,Culinary,"Neutral, Tangy",https://www.pepperscale.com/sport-peppers
60,Medium,https://www.pepperscale.com/wp-content/uploads/2016/01/Bishops-Crown-Pepper-e1456687870144.jpg,Bishop's Crown Pepper,5000,30000,17500,3.33,0 to 12,Baccatum,South America,Culinary,"Sweet, Fruity",https://www.pepperscale.com/bishops-crown-pepper
61,Medium,https://www.pepperscale.com/wp-content/uploads/2017/04/Hinkelhatz-Pepper-e1491745061519.jpg,Hinkelhatz Pepper,5000,30000,17500,3.33,0 to 12,Annuum,USA,Culinary,Neutral,https://www.pepperscale.com/hinkelhatz-pepper
62,Medium,https://www.pepperscale.com/wp-content/uploads/2017/10/royal-black-pepper.jpg,Royal Black Pepper,5000,30000,17500,3.33,0 to 12,Annuum,Unknown,Ornamental,Neutral,https://www.pepperscale.com/royal-black-pepper
63,Medium,https://www.pepperscale.com/wp-content/uploads/2017/11/black-prince-pepper.jpg,Black Prince Pepper,5000,30000,17500,3.33,0 to 12,Annuum,Mexico,Ornamental,Neutral,https://www.pepperscale.com/black-prince-pepper
64,Medium,https://www.pepperscale.com/wp-content/uploads/2017/10/count-dracula-pepper.jpg,Count Dracula Pepper,5000,30000,17500,3.33,0 to 12,Annuum,Unknown,Ornamental,Neutral,https://www.pepperscale.com/count-dracula-pepper
65,Medium,https://www.pepperscale.com/wp-content/uploads/2014/12/bulgarian-carrot-pepper-2.jpg,Bulgarian Carrot Pepper,5000,30000,17500,3.33,0 to 12,Annuum,Hungary,Culinary,"Sweet, Fruity, Crisp",https://www.pepperscale.com/bulgarian-carrot-pepper
66,Medium,https://www.pepperscale.com/wp-content/uploads/2014/11/Fish-pepper_1.jpeg,Fish Pepper,5000,30000,17500,3.33,0 to 12,Annuum,USA,Culinary,Bright,https://www.pepperscale.com/fish-pepper
67,Medium,https://www.pepperscale.com/wp-content/uploads/2015/06/Bolivian-Rainbow-Pepper.jpg,Bolivian Rainbow Pepper,10000,30000,20000,3.81,4 to 12,Annuum,Bolivia,Ornamental,Neutral,https://www.pepperscale.com/bolivian-rainbow-pepper
68,Medium,https://www.pepperscale.com/wp-content/uploads/2014/10/black-pearl-pepper-1.jpg,Black Pearl Pepper,10000,30000,20000,3.81,4 to 12,Annuum,USA,Ornamental,Citrusy,https://www.pepperscale.com/black-pearl-pepper
69,Medium,https://www.pepperscale.com/wp-content/uploads/2015/03/manzano-pepper_lg.jpg,Manzano Pepper,12000,30000,21000,4.00,2 to 12,Pubescens,South America,Culinary,"Sweet, Citrusy",https://www.pepperscale.com/manzano-pepper
70,Medium,https://www.pepperscale.com/wp-content/uploads/2016/04/Japones-Pepper_1-e1461585980603.jpg,Japones Pepper,15000,30000,22500,4.29,2 to 12,Annuum,Japan,Culinary,Neutral,https://www.pepperscale.com/japones-pepper
71,Medium,https://www.pepperscale.com/wp-content/uploads/2014/10/lemon-drop-pepper_1.jpg,Lemon Drop Pepper,15000,30000,22500,4.29,2 to 12,Baccatum,Peru,Culinary,"Sweet, Fruity, Citrusy",https://www.pepperscale.com/lemon-drop-pepper
72,Medium,https://www.pepperscale.com/wp-content/uploads/2015/01/Chile_de_Arbol.jpg,Chile De Arbol,15000,30000,22500,4.29,2 to 12,Annuum,Mexico,Culinary,"Nutty, Smoky",https://www.pepperscale.com/chile-de-arbol
73,Medium,https://www.pepperscale.com/wp-content/uploads/2016/08/Jwala-Pepper.jpg,Jwala Pepper,20000,30000,25000,4.76,3 to 12,Annuum,India,Culinary,"Sweet, Fruity",https://www.pepperscale.com/jwala-pepper
142,Medium,https://www.pepperscale.com/wp-content/uploads/2017/12/inca-red-drop-pepper.jpg,Inca Red Drop Pepper,10000,30000,20000,3.81,2 to 12,Baccatum,Peru,Ornamental,"Fruity, Sweet",https://www.pepperscale.com/inca-red-drop-pepper/
143,Medium,https://www.pepperscale.com/wp-content/uploads/2017/12/aji-colorado_2.jpeg,Aji Colorado,20000,30000,25000,4.76,3 to 12,Baccatum,Peru,Culinary,"Fruity, Sweet",https://www.pepperscale.com/aji-colorado/
145,Medium,https://www.pepperscale.com/wp-content/uploads/2017/12/aji-pineapple_bg.jpg,Aji Pineapple,20000,30000,25000,4.76,3 to 12,Baccatum,Peru,Culinary,"Fruity, Sweet, Tropical",https://www.pepperscale.com/aji-pineapple/
146,Medium,https://www.pepperscale.com/wp-content/uploads/2017/11/little-elf-pepper.jpg,Little Elf Pepper,20000,30000,25000,4.76,3 to 12,Annuum,Hungary,Ornamental,Earthy,https://www.pepperscale.com/little-elf-pepper/
139,Medium,https://www.pepperscale.com/wp-content/uploads/2018/02/bode-pepper.jpeg,Bod'e Pepper,30000,32000,31000,5.90,4 to 13,Chinense,Brazil,Culinary,"Fruity, Sweet, Smoky",https://www.pepperscale.com/bode-pepper/
74,Medium,https://www.pepperscale.com/wp-content/uploads/2016/05/Black-Cobra-Pepper-1.jpg,Black Cobra Pepper,20000,40000,30000,5.71,3 to 16,Annuum,South America,Ornamental,"Neutral, Bitter",https://www.pepperscale.com/black-cobra-pepper
75,Medium,https://www.pepperscale.com/wp-content/uploads/2015/08/numex-twilight-1.jpg,NuMex Twilight,30000,50000,40000,7.62,4 to 20,Annuum,USA,Ornamental,"Salty, Bitter, Bright",https://www.pepperscale.com/numex-twilight
76,Medium,https://www.pepperscale.com/wp-content/uploads/2017/08/rooster-spur-pepper.jpg,Rooster Spur Pepper,30000,50000,40000,7.62,4 to 20,Annuum,USA,Ornamental,Peppery,https://www.pepperscale.com/rooster-spur-pepper
77,Medium,https://www.pepperscale.com/wp-content/uploads/2017/09/explosive-ember-pepper.jpg,Explosive Ember Pepper,30000,50000,40000,7.62,4 to 20,Annuum,Unknown,Ornamental,Sweet,https://www.pepperscale.com/explosive-ember-pepper
78,Medium,https://www.pepperscale.com/wp-content/uploads/2017/09/filius-blue-pepper.jpg,Filius Blue Pepper,30000,50000,40000,7.62,4 to 20,Annuum,Mexico,Ornamental,Neutral,https://www.pepperscale.com/filius-blue-pepper
79,Medium,https://www.pepperscale.com/wp-content/uploads/2017/08/aurora-pepper.jpg,Aurora Pepper,30000,50000,40000,7.62, 4 to 20,Annuum,Mexico,Ornamental,Neutral,https://www.pepperscale.com/aurora-pepper
80,Medium,https://www.pepperscale.com/wp-content/uploads/2015/05/aji-amarillo.jpeg,Aji Amarillo,30000,50000,40000,7.62,4 to 20,Baccatum,Peru,Culinary,"Sweet, Fruity, Tropical, Bright",https://www.pepperscale.com/aji-amarillo
81,Medium,https://www.pepperscale.com/wp-content/uploads/2016/08/Aji_charapita_lg.jpg,Aji Charapita,30000,50000,40000,7.62,4 to 20,Chinense,Peru,Culinary,"Sweet, Fruity",https://www.pepperscale.com/aji-charapita
82,Medium,https://www.pepperscale.com/wp-content/uploads/2016/08/Aji-Omnicolor-1.jpg,Aji Omnicolor,30000,50000,40000,7.62,4 to 20,Baccatum,Peru,Ornamental,"Fruity, Sweet",https://www.pepperscale.com/aji-omnicolor
83,Medium,https://www.pepperscale.com/wp-content/uploads/2013/07/tabasco-pepper-1.jpg,Tabasco Pepper,30000,50000,40000,7.62,4 to 20,Frutescens,Costa Rica,Culinary,Smoky,https://www.pepperscale.com/tabasco-pepper
84,Medium,https://www.pepperscale.com/wp-content/uploads/2019/07/Cayenne-Pepper.jpg,Cayenne Pepper,30000,50000,40000,7.62,4 to 20,Annuum,French Guyana,Culinary,Neutral,https://www.pepperscale.com/cayenne-pepper
85,Medium,https://www.pepperscale.com/wp-content/uploads/2015/11/super-chili-pepper_1.jpg,Super Chili Pepper,40000,50000,45000,8.57,5 to 20,Annuum,USA,Ornamental,Neutral,https://www.pepperscale.com/super-chili-pepper
137,Medium,https://www.pepperscale.com/wp-content/uploads/2019/11/satans-kiss-pepper.png,Satan's Kiss Pepper,40000,50000,45000,8.57,5 to 25,Annuum,Italy,Culinary,Neutral,https://www.pepperscale.com/satans-kiss-pepper/
141,Medium,https://www.pepperscale.com/wp-content/uploads/2018/01/black-cuban-pepper-e1516152091242.jpg,Black Cuban Pepper,40000,58000,49000,9.33,5 to 23,Annuum,Cuba,Ornamental,Neutral,https://www.pepperscale.com/black-cuban-pepper/
86,Medium,https://www.pepperscale.com/wp-content/uploads/2013/07/Pequin-Pepper_lg.jpg,Pequin Pepper,40000,60000,50000,9.52,5 to 24,Annuum,Mexico,Culinary,"Smoky, Fruity",https://www.pepperscale.com/pequin-pepper
87,Extra Hot,https://www.pepperscale.com/wp-content/uploads/2016/08/Dried-Dundicut-Pepper.jpg,Dundicut Pepper,55000,65000,60000,11.43,7 to 26,Annuum,Pakistan,Culinary,"Fruity, Earthy",https://www.pepperscale.com/dundicut-pepper
147,Extra Hot,https://www.pepperscale.com/wp-content/uploads/2017/11/calico-pepper_1.jpg,Calico pepper,50000,70000,60000,11.43,6 to 28,Annuum,Mexico,Ornamental,Neutral,https://www.pepperscale.com/calico-pepper/
88,Extra Hot,https://www.pepperscale.com/wp-content/uploads/2016/04/tien-tsin-pepper.jpg,Tien Tsin Pepper,50000,75000,62500,11.90,6 to 30,Annuum,China,Culinary,Neutral,https://www.pepperscale.com/tien-tsin-pepper
89,Extra Hot,https://www.pepperscale.com/wp-content/uploads/2017/03/cheiro-roxa.jpg,Cheiro Roxa,60000,80000,70000,13.33,8 to 32,Chinense,Brazil,Culinary,"Fruity, Sweet, Bitter",https://www.pepperscale.com/cheiro-roxa
90,Extra Hot,https://www.pepperscale.com/wp-content/uploads/2016/06/prairie-fire-pepper.jpg,Prairie Fire Pepper,70000,80000,75000,14.29,9 to 32,Annuum,Mexico,Ornamental,"Fruity, Tangy",https://www.pepperscale.com/prairie-fire-pepper
91,Extra Hot,https://www.pepperscale.com/wp-content/uploads/2016/02/Capsicum_pubescens_Rocoto.jpg,Rocoto Pepper,30000,100000,65000,12.38,4 to 40,Pubescens,South America,Culinary,"Sweet, Fruity, Grassy",https://www.pepperscale.com/rocoto-pepper
92,Extra Hot,https://www.pepperscale.com/wp-content/uploads/2013/07/malagueta-pepper.jpeg,Malagueta Pepper,50000,100000,75000,14.29,6 to 40,Frutescens,Brazil,Culinary,"Sweet, Tangy",https://www.pepperscale.com/malagueta-pepper
93,Extra Hot,https://www.pepperscale.com/wp-content/uploads/2017/07/byadgi-chili.jpg,Byadgi Chili,50000,100000,75000,14.29,6 to 40,Annuum,India,Culinary,Sweet,https://www.pepperscale.com/byadgi-chili
94,Extra Hot,https://www.pepperscale.com/wp-content/uploads/2017/10/chiltepin-pepper.jpeg,Chiltepin Pepper,50000,100000,75000,14.29,6 to 40,Annuum,USA,Culinary,"Smoky, Earthy",https://www.pepperscale.com/chiltepin-pepper
95,Extra Hot,https://www.pepperscale.com/wp-content/uploads/2013/07/thai-peppers_lg.jpg,Thai Pepper,50000,100000,75000,14.29,6 to 40,Annuum,Thailand,Culinary,Fruity ,https://www.pepperscale.com/thai-peppers
96,Extra Hot,https://www.pepperscale.com/wp-content/uploads/2016/07/Charleston-Hot-Pepper.jpg,Charleston Hot Pepper,70000,100000,85000,16.19,9 to 40,Annuum,USA,Culinary,Neutral,https://www.pepperscale.com/charleston-hot-pepper
97,Extra Hot,https://www.pepperscale.com/wp-content/uploads/2017/04/siling-labuyo.jpg,Siling Labuyo,80000,100000,90000,17.14,10 to 40,Frutescens,Phillipines,Culinary,Neutral,https://www.pepperscale.com/siling-labuyo
98,Extra Hot,https://www.pepperscale.com/wp-content/uploads/2017/09/apache-pepper.jpg,Apache Pepper,80000,100000,90000,17.14,10 to 40,Annuum,Unknown,Culinary,Sweet,https://www.pepperscale.com/apache-pepper
99,Extra Hot,https://www.pepperscale.com/wp-content/uploads/2014/11/datil-pepper.jpg,Datil Pepper,100000,300000,200000,38.10,12 to 120,Chinense,USA,Culinary,"Sweet, Fruity, Tropical ",https://www.pepperscale.com/datil-pepper
144,Extra Hot,https://www.pepperscale.com/wp-content/uploads/2017/12/cumari-do-para_1.jpg,Cumari do Para,50000,300000,175000,33.33,6 to 120,Chinense,Brazil,Culinary,"Fruity, Sweet, Tropical",https://www.pepperscale.com/cumari-do-para/
100,Extra Hot,https://www.pepperscale.com/wp-content/uploads/2015/08/Madame-Jeanette-Pepper.jpg,Madame Jeanette Pepper,125000,325000,225000,42.86,15 to 130,Chinense,South America,Culinary,"Sweet, Tropical",https://www.pepperscale.com/madame-jeanette-pepper
101,Extra Hot,https://www.pepperscale.com/wp-content/uploads/2017/01/Aji-Chombo.jpg,Aji Chombo,125000,325000,225000,42.86,15 to 130,Chinense,Panama,Culinary,"Sweet, Fruity, Tropical",http://www.pepperscale.com/aji-chombo
102,Extra Hot,https://www.pepperscale.com/wp-content/uploads/2017/03/devils-tongue-pepper.jpg,Devil's Tongue Pepper,125000,325000,225000,42.86,15 to 130,Chinense,USA,Culinary,"Sweet, Fruity, Citrusy",https://www.pepperscale.com/devils-tongue-pepper
103,Extra Hot,https://www.pepperscale.com/wp-content/uploads/2015/12/wiri-wiri-pepper.jpg,Wiri Wiri Pepper,100000,350000,225000,42.86,12 to 140,Chinense,South America,Culinary,"Fruity, Tangy",https://www.pepperscale.com/wiri-wiri-pepper
104,Extra Hot,https://www.pepperscale.com/wp-content/uploads/2014/02/scotch-bonnet-pepper.jpg,Scotch Bonnet Pepper,100000,350000,225000,42.86,12 to 140,Chinense,Caribbean,Culinary,"Sweet, Fruity, Tropical, Earthy",https://www.pepperscale.com/scotch-bonnet-pepper
105,Extra Hot,https://www.pepperscale.com/wp-content/uploads/2014/03/ghost-pepper-vs-habanero.jpg,Habanero Pepper,100000,350000,225000,42.86,12 to 140,Chinense,South America,Culinary,"Sweet, Fruity, Tropical Smoky",https://www.pepperscale.com/habanero-pepper
106,Extra Hot,https://www.pepperscale.com/wp-content/uploads/2016/05/Peruvian-White-Habanero.jpg,Peruvian White Habanero,100000,350000,225000,42.86,12 to 140,Chinense,Peru,Culinary,"Sweet, Fruity",https://www.pepperscale.com/peruvian-white-habanero
107,Extra Hot,https://www.pepperscale.com/wp-content/uploads/2019/11/goat-pepper.png,Goat Pepper,100000,350000,225000,42.86,12 to 140,Chinense,Caribbean,Culinary,"Sweet, Tropical",https://www.pepperscale.com/goat-pepper
108,Extra Hot,https://www.pepperscale.com/wp-content/uploads/2015/01/fatalii-pepper_1.jpg,Fatalii Pepper,125000,400000,262500,50.00,14 to 160,Chinense,Africa,Culinary,"Sweet, Fruity, Citrusy",https://www.pepperscale.com/fatalii-pepper
138,Extra Hot,https://www.pepperscale.com/wp-content/uploads/2018/10/hot-paper-lantern.jpg,Hot Paper Lantern,150000,400000,275000,52.38,19 to 160,Chinense,Peru,Culinary,"Sweet, Smoky",https://www.pepperscale.com/hot-paper-lantern/
109,Super Hot,https://www.pepperscale.com/wp-content/uploads/2016/05/Caribbean-Red-Habanero.jpeg,Caribbean Red Habanero,300000,445000,372500,70.95,35 to 178,Chinense,Mexico,Culinary,"Sweet, Fruity, Tropical, Smoky",https://www.pepperscale.com/caribbean-red-habanero
110,Super Hot,https://www.pepperscale.com/wp-content/uploads/2017/10/roatan-pumpkin-habanero.jpg,Roatan Pumpkin Habanero,100000,500000,300000,57.14,12 to 200,Chinense,Caribbean,Culinary,"Sweet, Fruity, Citrusy",https://www.pepperscale.com/roatan-pumpkin-habanero
111,Super Hot,https://www.pepperscale.com/wp-content/uploads/2013/07/red-savina-habanero_1.jpg,Red Savina Habanero,350000,577000,463500,88.29,44 to 231,Chinense,USA,Culinary,"Sweet, Fruity",https://www.pepperscale.com/red-savina-habanero
112,Super Hot,https://www.pepperscale.com/wp-content/uploads/2014/01/chocolate-habanero-1.jpg,Chocolate Habanero,425000,577000,501000,95.43,53 to 231,Chinense,Jamaica,Culinary,"Sweet, Fruity, Earthy, Smoky",https://www.pepperscale.com/chocolate-habanero
113,Super Hot,https://www.pepperscale.com/wp-content/uploads/2017/07/7-Pot-Bubblegum.jpg,7 Pot Bubblegum,800000,1000000,900000,171.43,106 to 400,Chinense,United Kingdom,Culinary,"Sweet, Fruity",https://www.pepperscale.com/7-pot-bubblegum
116,Super Hot,https://www.pepperscale.com/wp-content/uploads/2017/08/7-Pot-Jonah.jpg,7 Pot Jonah,800000,1000000,900000,171.43,100 to 480,Chinense,Trinidad,Culinary,"Sweet, Fruity",https://www.pepperscale.com/7-pot-jonah
114,Super Hot,https://www.pepperscale.com/wp-content/uploads/2019/11/bhut-jolokia-chocolate.png,Bhut Jolokia Chocolate,800000,1001304,900652,171.55,100 to 400,Chinense,India,Culinary,"Sweet, Fruity, Earthy, Smoky",https://www.pepperscale.com/bhut-jolokia-chocolate
115,Super Hot,https://www.pepperscale.com/wp-content/uploads/2019/03/Ghost-Pepper.jpg,Ghost Pepper,855000,1041427,948214,180.61,107 to 417,Chinense,India,Culinary,"Sweet, Fruity, Earthy",https://www.pepperscale.com/ghost-pepper
117,Super Hot,https://www.pepperscale.com/wp-content/uploads/2017/05/trinidad-7-pot-pepper.jpg,Trinidad 7 Pot Pepper,1000000,1200000,1100000,209.52,125 to 480,Chinense,Trinidad,Culinary,"Sweet, Fruity, Nutty",https://www.pepperscale.com/7-pot-pepper
118,Super Hot,https://www.pepperscale.com/wp-content/uploads/2014/11/Infinity-Pepper_1.jpg,Infinity Pepper,1067286,1250000,1158643,220.69,133 to 500,Chinense,United Kingdom,Culinary,"Sweet, Fruity",https://www.pepperscale.com/infinity-pepper
119,Super Hot,https://www.pepperscale.com/wp-content/uploads/2017/07/7-Pot-Primo-Pepper.jpg,7 Pot Primo,800000,1268250,1034125,196.98,100 to 507,Chinense,USA,Culinary,"Sweet, Fruity, Citrusy, Floral",https://www.pepperscale.com/7-pot-primo
120,Super Hot,https://www.pepperscale.com/wp-content/uploads/2017/08/7-Pot-Barrackpore.jpg,7 Pot Barrackpore,1000000,1300000,1150000,219.05,125 to 520,Chinense,Trinidad,Culinary,"Sweet, Fruity, Bright, Bitter",https://www.pepperscale.com/7-pot-barrackpore
121,Super Hot,https://www.pepperscale.com/wp-content/uploads/2017/07/7-Pot-Brain-Strain.jpg,7 Pot Brain Strain,1000000,1350000,1175000,223.81,125 to 540,Chinense,Trinidad,Culinary,"Sweet, Fruity",https://www.pepperscale.com/7-pot-brain-strain
122,Super Hot,https://www.pepperscale.com/wp-content/uploads/2017/09/naga-viper.jpg,Naga Viper,900000,1382118,1141059,217.34,113 to 553,Chinense,India,Culinary,"Sweet, Fruity, Tangy",https://www.pepperscale.com/naga-viper
123,Super Hot,https://www.pepperscale.com/wp-content/uploads/2017/07/trinidad-scorpion-butch-t.jpg,"Trinidad Scorpion ""Butch-T""",800000,1463700,1131850,215.59,100 to 585,Chinense,Australia,Culinary,"Sweet, Fruity",https://www.pepperscale.com/trinidad-scorpion-butch-t
124,Super Hot,https://www.pepperscale.com/wp-content/uploads/2015/01/naga-morich-1.jpg,Naga Morich,1000000,1500000,1250000,238.10,125 to 600,Chinense,United Kingdom,Culinary,"Sweet, Fruity",https://www.pepperscale.com/naga-morich
125,Super Hot,https://www.pepperscale.com/wp-content/uploads/2015/02/Dorset-Naga.jpg,Dorset Naga,1000000,1598227,1299114,247.45,125 to 639,Chinense,United Kingdom,Culinary,"Sweet, Fruity, Floral",https://www.pepperscale.com/dorset-naga
126,Super Hot,https://www.pepperscale.com/wp-content/uploads/2017/07/7-pot-douglah.jpg,7 Pot Douglah,923889,1853986,1388938,264.56,109 to 742,Chinense,Trinidad,Culinary,"Sweet, Fruity, Earthy, Nutty",https://www.pepperscale.com/7-pot-douglah
127,Super Hot,https://www.pepperscale.com/wp-content/uploads/2013/07/51d9e77cb5b66.jpg,Trinidad Moruga Scorpion,1200000,2000000,1600000,304.76,150 to 800,Chinense,Trinidad,Culinary,"Sweet, Fruity",https://www.pepperscale.com/trinidad-moruga-scorpion
128,Super Hot,https://www.pepperscale.com/wp-content/uploads/2014/10/Trinidad-Scorpion-Chocolate-1.jpg,Trinidad Scorpion Chocolate,1200000,2000000,1600000,304.76,150 to 800,Chinense,Trinidad,Culinary,"Sweet, Fruity, Earthy, Smoky",https://www.pepperscale.com/trinidad-scorpion-chocolate
129,Super Hot,https://www.pepperscale.com/wp-content/uploads/2016/09/Carolina-Reaper-planting.jpg,Carolina Reaper,1400000,2200000,1800000,342.86,175 to 880,Chinense,USA,Culinary,"Sweet, Fruity",https://www.pepperscale.com/carolina-reaper
130,Super Hot,https://www.pepperscale.com/wp-content/uploads/2017/06/Komodo-Dragon-Pepper-4.jpg,Komodo Dragon Pepper,1400000,2200000,1800000,342.86,175 to 880,Chinense,United Kingdom,Culinary,"Sweet, Fruity",https://www.pepperscale.com/komodo-dragon-pepper/
131,Super Hot,https://www.pepperscale.com/wp-content/uploads/2017/07/dragons-breath-pepper.jpg,Dragon's Breath Pepper,2480000,2480000,2480000,472.38,310 to 992,Chinense,United Kingdom,Culinary,"Sweet, Fruity",https://www.pepperscale.com/dragons-breath-pepper
132,Super Hot,https://www.pepperscale.com/wp-content/uploads/2017/09/pepper-x.jpg,Pepper X,3180000,3180000,3180000,605.71,? - 1272,Chinense,USA,Culinary,"Sweet, Fruity",https://www.pepperscale.com/pepper-x
133,Super Hot,https://www.pepperscale.com/wp-content/uploads/2013/07/pepper-spray.jpg,Pepper Spray,2000000,5300000,3650000,695.24,"250 to 2,120",N/A,N/A,Culinary,N/A,https://www.pepperscale.com/pepper-spray
134,Super Hot,https://www.pepperscale.com/wp-content/uploads/2017/04/Capsaicin-To-Lose-Weight.jpeg,Capsaicin,15000000,16000000,15500000,"2,952.38","1,875 to 6,400",N/A,N/A,Culinary,N/A,https://www.pepperscale.com/capsaicin
